 MySQL  localhost:3306 ssl  exercise  SQL > select * from sailors;
+-----+-------+-----+--------+
| sid | sname | age | rating |
+-----+-------+-----+--------+
|   1 | Mary  |  24 |      5 |
|   2 | John  |  22 |      3 |
+-----+-------+-----+--------+
2 rows in set (0.0004 sec)
 MySQL  localhost:3306 ssl  exercise  SQL > select * from reserve;
+-----+-----+------------+
| sid | bid | rdate      |
+-----+-----+------------+
|   1 | 101 | 2001-01-01 |
|   1 | 101 | 1999-12-31 |
|   1 | 101 | 2000-01-01 |
+-----+-----+------------+
3 rows in set (0.0004 sec)
 MySQL  localhost:3306 ssl  exercise  SQL > select * from sailors s, reserve r where s.sid = r.sid
                                         -> ;
+-----+-------+-----+--------+-----+-----+------------+
| sid | sname | age | rating | sid | bid | rdate      |
+-----+-------+-----+--------+-----+-----+------------+
|   1 | Mary  |  24 |      5 |   1 | 101 | 2001-01-01 |
|   1 | Mary  |  24 |      5 |   1 | 101 | 1999-12-31 |
|   1 | Mary  |  24 |      5 |   1 | 101 | 2000-01-01 |
+-----+-------+-----+--------+-----+-----+------------+
3 rows in set (0.0005 sec)
 MySQL  localhost:3306 ssl  exercise  SQL > describe sailors;
+--------+--------------+------+-----+---------+-------+
| Field  | Type         | Null | Key | Default | Extra |
+--------+--------------+------+-----+---------+-------+
| sid    | int          | NO   | PRI | NULL    |       |
| sname  | varchar(255) | NO   |     | NULL    |       |
| age    | int          | NO   |     | NULL    |       |
| rating | int          | NO   |     | NULL    |       |
+--------+--------------+------+-----+---------+-------+
4 rows in set (0.0012 sec)